Student_ID,Name,Branch,Semester,Python,Mathematics,Data_Science,Attendance,Total,Percentage,Grade
240090107175,Daksh Rana,Computer,5,82,76,88,91,246,82.0,A
240090107176,Rahul Patel,Computer,5,74,81,79,86,234,78.0,B
240090107177,Priya Shah,IT,5,91,88,94,95,273,91.0,A+
240090107178,Meet Joshi,Computer,5,68,72,75,82,215,71.67,B
240090107179,Aarav Desai,IT,5,85,79,83,89,247,82.33,A
240090107180,Riya Mehta,Computer,5,78,84,80,92,242,80.67,A
240090107181,Yash Patel,Computer,5,62,69,65,78,196,65.33,C
240090107182,Krisha Modi,IT,5,88,91,86,94,265,88.33,A
240090107183,Dev Solanki,Computer,5,71,66,73,80,210,70.0,B
240090107184,Anaya Shah,IT,5,95,89,92,97,276,92.0,A+
240090107185,Harsh Vora,Computer,5,56,63,61,75,180,60.0,C
240090107186,Mahi Patel,IT,5,81,77,85,88,243,81.0,A
240090107187,Dhruv Shah,Computer,5,73,70,68,84,211,70.33,B
240090107188,Isha Desai,IT,5,89,93,90,96,272,90.67,A+
240090107189,Parth Joshi,Computer,5,64,58,67,79,189,63.0,C
240090107190,Nisha Mehta,IT,5,77,82,74,87,233,77.67,B
240090107191,Kunal Patel,Computer,5,69,75,71,81,215,71.67,B
240090107192,Aditi Shah,IT,5,92,86,89,93,267,89.0,A
240090107193,Rohan Desai,Computer,5,48,52,45,72,145,48.33,F
240090107194,Sneha Modi,IT,5,84,80,87,90,251,83.67,A
240090107195,Vivek Solanki,Computer,5,58,61,55,76,174,58.0,D
240090107196,Tanvi Vora,IT,5,79,85,81,91,245,81.67,A
240090107197,Aditya Mehta,Computer,5,86,78,84,88,248,82.67,A
240090107198,Jiya Patel,IT,5,67,73,70,83,210,70.0,B
240090107199,Om Shah,Computer,5,93,90,95,98,278,92.67,A+
